<?xml version="1.0" encoding="UTF-8" standalone="yes"?>
<addon id="plugin.video.reaper" name="[COLOR black].[/COLOR][COLOR yellow]REAPER[/COLOR]" version="1.1.0" provider-name="REAPER">
  <requires>
    <import addon="xbmc.python" version="2.1.0"/>
    <import addon="script.module.t0mm0.common" version="2.0.0"/>
    <import addon="script.module.youtube.dl" optional="true"/>
    <import addon="plugin.video.youtube" version="3.0.0"/>
    <import addon="script.module.urlresolver"  version="2.1.2"/>
    <import addon="script.module.liveresolver" version="0.1.24"/>
    <import addon="script.common.plugin.cache" version="2.5.2"/>
    <import addon="script.module.metahandler" version="2.5.1"/>
	<import addon="script.module.simplejson" version="3.3.0"/>
    <import addon="script.module.beautifulsoup" version="3.2.1"/>
    <import addon="script.module.beautifulsoup4" />
	<import addon="script.module.simple.downloader" version="0.9.4"/>
    <import addon="script.module.requests" />
    <import addon="script.module.httplib2" />
  </requires>
  <extension point="xbmc.python.pluginsource" library="default.py">
        <provides>video</provides>
  </extension>
  <extension point="xbmc.addon.metadata">
    <summary lang="en">REAPER - KODI/XBMC VIDEO ADDON</summary>
    <description lang="en">For Support and news - Twitter @reaperaddons
*MAKE SURE YOU TURN CHILD LOCK ON!! 
*CHANNELS MAY GO DOWN, PLEASE DONT COMPLAIN.
*I WILL ALLOW BLOGS BUT NO YOUTUBE VIDEOS!!
*MAKE SURE YOU HAVE F4M TESTER
</description>
    <platform>all</platform>
  </extension>
</addon>