<?xml version="1.0" encoding="UTF-8" standalone="yes"?>
<addon id="plugin.video.reaper" name="[COLOR black].[/COLOR][COLOR yellow]REAPER[/COLOR]" version="1.1.3" provider-name="REAPER">
  <requires>
    <import addon="xbmc.python" version="2.1.0"/>
    <import addon="script.module.t0mm0.common" />
    <import addon="script.module.youtube.dl" />
    <import addon="plugin.video.youtube" />
    <import addon="script.module.urlresolver" />
    <import addon="script.module.liveresolver" />
    <import addon="script.common.plugin.cache" />
    <import addon="script.module.metahandler" />
	<import addon="script.module.simplejson" />
    <import addon="script.module.beautifulsoup" />
    <import addon="script.module.beautifulsoup4" />
	<import addon="script.module.simple.downloader" />
    <import addon="script.module.requests" />
    <import addon="script.module.httplib2" />
  </requires>
  <extension point="xbmc.python.pluginsource" library="default.py">
        <provides>video</provides>
  </extension>
  <extension point="xbmc.addon.metadata">
    <summary lang="en">REAPER - KODI/XBMC VIDEO ADDON</summary>
    <description lang="en">For Support and news - Twitter @reaperaddons
*MAKE SURE YOU TURN CHILD LOCK ON!! 
*MAKE SURE YOU HAVE F4M TESTER
*CHANNELS MAY GO DOWN, PLEASE DONT COMPLAIN.
</description>
    <platform>all</platform>
  </extension>
</addon>